id,,,,
ALAR,,,,
ALATA_L,,,,
ASNN,,,,
ASNS1,,,,
ASNS2,,,,
ASPT,,,,
ASPTA,,,,
DAAD,,,,
VPAMT,,,,
2METS,,,,
ACHMSC,,,,
ACNML,,,,
ADNUC_num1,,,,
AGDC,,,,
ALCD19_num1,,,,
ALDD19x,,,,
ALDD2x,,,,
AMALT1,,,,
AMALT2,,,,
AMALT3,,,,
AMALT4,,,,
AMANAPEr,,,,
APG,,,,
ARAI_num1,,,,
BETALDHx,,,,
BETALDHy,,,,
CBMKr,,,,
DHACOAH,,,,
DHAPT,,,,
DHPTDNRN,,,,
DRPA,,,,
F6PP_num1,,,,
FFSD_num1,,,,
FRUK,,,,
G3PD2,,,,
G3PT,,,,
G6PDA,,,,
GLCATr,,,,
GLCRD,,,,
GLYCDx,,,,
GLYK,,,,
GNK_num1,,,,
GUI1,,,,
HCO3E,,,,
HEX7,,,,
HPYRI_num1,,,,
HSST_2,,,,
HXCT,,,,
LYXI,,,,
MALGT,,,,
MALTATr,,,,
MAN1PG,,,,
MAN6PI,,,,
MCITL2_num1,,,,
MM_COA_ADD5,,,,
MMM2_num1,,,,
MSDH_num1,,,,
PFK_2,,,,
PGLYCP_num1,,,,
PGMT,,,,
PMANM_num1,,,,
PPASUCC,,,,
RBK_num1,,,,
SUCptsp,,,,
TRE6p,,,,
TRE6PP,,,,
TRE6PS,,,,
UACGAMPpp,,,,
UDPARA,,,,
UDPG4E,,,,
UDPGALPpp,,,,
UDPGPpp_num1,,,,
UGLCURPpp,,,,
XYLI1,,,,
XYLI2,,,,
XYLK,,,,
GALKr,,,,
M1PD,,,,
MAN2D,,,,
MCITD_num1,,,,
HDPA1,,,,
HDPA2,,,,
ICL,,,,
MALS,,,,
ME1_num1,,,,
ME2,,,,
PPA,,,,
PPA2,,,,
PPC,,,,
PPCK,,,,
ABTA,,,,
ACGK,,,,
ACGS,,,,
ACODA,,,,
ACOTA,,,,
AGPR,,,,
AMPTASEPG_num1,,,,
ARGSL,,,,
CBPS,,,,
CSND,,,,
G5SADs,,,,
G5SD,,,,
GLU5K,,,,
GLUNATF,,,,
OCBT,,,,
ORNC,,,,
P5CD,,,,
P5CR,,,,
PROD2,,,,
SPMDAT1,,,,
SPMDAT2_num1,,,,
SPMS,,,,
SSALy_num1,,,,
UREAAH,,,,
ARGSS,,,,
CG_biomass_cgl_ATCC13032,,,,
BAMPN,,,,
BIOTIN_t,,,,
BTNAMP,,,,
3HAD100,,,,
3HAD120,,,,
3HAD121,,,,
3HAD140,,,,
3HAD141,,,,
3HAD160,,,,
3HAD161,,,,
3HAD180,,,,
3HAD181,,,,
3HAD40,,,,
3HAD60,,,,
3HAD80,,,,
3OAR100,,,,
3OAR120,,,,
3OAR140,,,,
3OAR160,,,,
3OAR180,,,,
3OAR40,,,,
3OAR60,,,,
3OAR80,,,,
3OAS100_num1,,,,
3OAS120_num1,,,,
3OAS121_num1,,,,
3OAS140_num1,,,,
3OAS141_num1,,,,
3OAS160_num1,,,,
3OAS161_num1,,,,
3OAS180_num1,,,,
3OAS181_num1,,,,
3OAS60_num1,,,,
3OAS80_num1,,,,
AACPS1_num1,,,,
AACPS2_num1,,,,
AACPS3_num1,,,,
AACPS4_num1,,,,
AACPS5_num1,,,,
AACPS6_num1,,,,
AACPS7_num1,,,,
AACPS8_num1,,,,
AACPS9_num1,,,,
ALAALAr,,,,
CDPDAG,,,,
CLPN,,,,
EAR100x,,,,
EAR100y,,,,
EAR120x,,,,
EAR120y,,,,
EAR121x,,,,
EAR121y,,,,
EAR140x,,,,
EAR140y,,,,
EAR141x,,,,
EAR141y,,,,
EAR160x,,,,
EAR160y,,,,
EAR161x,,,,
EAR161y,,,,
EAR180x,,,,
EAR180y,,,,
EAR181x,,,,
EAR181y,,,,
EAR40x,,,,
EAR40y,,,,
EAR60x,,,,
EAR60y,,,,
EAR80x,,,,
EAR80y,,,,
FA100ACPHi_num1,,,,
FA120ACPHi_num1,,,,
FA140ACPHi_num1,,,,
FA141ACPHi_num1,,,,
FA160ACPHi_num1,,,,
FA161ACPHi_num1,,,,
FA80ACPHi_num1,,,,
FACOAL100t2pp_num1,,,,
FACOAL120t2pp_num1,,,,
FACOAL140t2pp_num1,,,,
FACOAL141t2pp_num1,,,,
FACOAL160t2pp_num1,,,,
FACOAL161t2pp_num1,,,,
FACOAL180t2pp_num1,,,,
FACOAL181t2pp_num1,,,,
FACOAL60t2pp_num1,,,,
FACOAL80t2pp_num1,,,,
G1PACT,,,,
GF6PTA,,,,
GLUR,,,,
INPTH,,,,
MI1PP_num1,,,,
PGAMT,,,,
PIM,,,,
PIT,,,,
T2DECAI,,,,
TDPGDH,,,,
UAAGDS,,,,
UAGCVT_num1,,,,
UAGDP,,,,
UAGPT3,,,,
UAMAGS,,,,
UAMAS,,,,
UAMDH_num1,,,,
UDCPDP,,,,
UDPGALM,,,,
UDPGD_num1,,,,
UGMDDS,,,,
3OAR121,,,,
3OAR141,,,,
3OAR161,,,,
3OAR181,,,,
G1PTT_num1,,,,
GALUi_num1,,,,
PAPPT3,,,,
ACONTa,,,,
ACONTb,,,,
AKGDH,,,,
CITL,,,,
CS_num1,,,,
FRD2,,,,
FRD3,,,,
FUM,,,,
ICDHyr,,,,
MDH,,,,
MDH2,,,,
MDH3,,,,
PYRC,,,,
SUCOAS,,,,
2MAHMP,,,,
ACBIPGT,,,,
ACPS1_num1,,,,
ADCL,,,,
ADCS,,,,
ADOCBIK,,,,
ADOCBLS,,,,
ALATA_D2,,,,
ALATA_L2,,,,
AMAOTr,,,,
AMMQLT8,,,,
AMPMS2,,,,
ASP1DC,,,,
ASPO5,,,,
BMOCOS_num1,,,,
BTS4,,,,
BWCOS_num1,,,,
CDPMEK,,,,
CPMPS_num1,,,,
CPPPGO,,,,
CPPPGO2,,,,
DB4PS,,,,
DBTS,,,,
DHFR,,,,
DHFS,,,,
DHNCOAS,,,,
DHNCOAT,,,,
DHPPDA2_num1,,,,
DHPS2_num1,,,,
DHPTPE,,,,
DMATT_num1,,,,
DMPPS,,,,
DPCOAK,,,,
DPR,,,,
DXPRIi,,,,
DXPS,,,,
FCLT,,,,
FMNAT,,,,
G1SAT,,,,
GDPDPK,,,,
GDPTPDP,,,,
GLUCYS,,,,
GLUTRR,,,,
GLYOD,,,,
GRTT_num1,,,,
GTHOr,,,,
GTHRDHpp,,,,
GTPCI,,,,
GTPDPDP_num1,,,,
GTPDPK,,,,
HETZK,,,,
HMBS,,,,
HPPK2,,,,
ICHORS,,,,
IPDDI,,,,
IPDPS,,,,
LIPAMPL,,,,
LIPATPT,,,,
LIPOCT,,,,
LIPOS,,,,
MECDPDH2,,,,
MECDPS,,,,
MEPCT,,,,
MOCOS_num1,,,,
MOHMT,,,,
MPTAT,,,,
MPTS,,,,
MPTSS,,,,
MSDHD_num1,,,,
NADDP_num1,,,,
NADK,,,,
NADPPPS_num1,,,,
NADS1,,,,
NNAM,,,,
NNDMBRT,,,,
NNDPR,,,,
NPHS,,,,
OCTDPS,,,,
OCTNLL,,,,
OHPBAT,,,,
OMBZLM,,,,
PANTS_num1,,,,
PMPK,,,,
PNTK,,,,
PPBNGS,,,,
PPCDC,,,,
PPGPPDP,,,,
PPNCL2,,,,
PPPGO,,,,
PPPGO3,,,,
PTPATi,,,,
PY5PSH,,,,
PYDAMK,,,,
PYDXK,,,,
PYDXNK,,,,
QULNS,,,,
RBFSa,,,,
RBFSb,,,,
RZ5PP,,,,
SEPHCHCS,,,,
SUCBZL,,,,
TDPDSH,,,,
TMPK,,,,
TMPPP_num1,,,,
TRATF_num1,,,,
TYRL,,,,
UDCPDPS,,,,
UPP3MT_num1,,,,
UPP3S,,,,
UPPDC1,,,,
WCOS_num1,,,,
NAMNPP,,,,
RBFK,,,,
ADSK,,,,
AMPTASECG_num1,,,,
BPNT,,,,
CYSS,,,,
MCPST_num1,,,,
PAPSR,,,,
PAPSR2,,,,
SADT2,,,,
SERAT,,,,
SULRi,,,,
EX_26dap__M_e,,,,
EX_3amp_e,,,,
EX_3cmp_e,,,,
EX_3gmp_e,,,,
EX_3ump_e,,,,
EX_4abut_e,,,,
EX_ac_e,,,,
EX_acald_e,,,,
EX_acgam_e,,,,
EX_acgam1p_e,,,,
EX_acmana_e,,,,
EX_acser_e,,,,
EX_ade_e,,,,
EX_adn_e,,,,
EX_akg_e,,,,
EX_ala_L_e,,,,
EX_alaala_e,,,,
EX_ala_B_e,,,,
EX_ala__D_e,,,,
EX_amp_e,,,,
EX_arg_L_e,,,,
EX_asn_L_e,,,,
EX_asp_L_e,,,,
EX_ca2_e,,,,
EX_cgly_e,,,,
EX_cit_e,,,,
EX_cmp_e,,,,
EX_co2_e,,,,
EX_cobalt2_e,,,,
EX_cu_e,,,,
EX_cu2_e,,,,
EX_cyan_e,,,,
EX_cys_L_e,,,,
EX_cytd_e,,,,
EX_dad_2_e,,,,
EX_damp_e,,,,
EX_dcmp_e,,,,
EX_dcyt_e,,,,
EX_dgmp_e,,,,
EX_dgsn_e,,,,
EX_dha_e,,,,
EX_dimp_e,,,,
EX_din_e,,,,
EX_dms_e,,,,
EX_dmso_e,,,,
EX_dtmp_e,,,,
EX_dump_e,,,,
EX_duri_e,,,,
EX_etha_e,,,,
EX_etoh_e,,,,
EX_f6p_e,,,,
EX_fe2_e,,,,
EX_fe3_e,,,,
EX_for_e,,,,
EX_fru_e,,,,
EX_fruur_e,,,,
EX_fum_e,,,,
EX_g1p_e,,,,
EX_g3pe_e,,,,
EX_g3pg_e,,,,
EX_g3pi_e,,,,
EX_g3ps_e,,,,
EX_g6p_e,,,,
EX_gal1p_e,,,,
EX_gam_e,,,,
EX_gam6p_e,,,,
EX_glc_e,,,,
EX_glcn_e,,,,
EX_glcur_e,,,,
EX_glcur1p_e,,,,
EX_gln_L_e,,,,
EX_glu_L_e,,,,
EX_gly_e,,,,
EX_glyald_e,,,,
EX_glyc_e,,,,
EX_glyc_R_e,,,,
EX_glyc3p_e,,,,
EX_gmp_e,,,,
EX_gsn_e,,,,
EX_gthrd_e,,,,
EX_gua_e,,,,
EX_h_e,,,,
EX_h2_e,,,,
EX_h2o_e,,,,
EX_h2s_e,,,,
EX_his_L_e,,,,
EX_hom__L_e,,,,
EX_hxan_e,,,,
EX_ile_L_e,,,,
EX_imp_e,,,,
EX_indole_e,,,,
EX_inost_e,,,,
EX_ins_e,,,,
EX_k_e,,,,
EX_lac_D_e,,,,
EX_lac_L_e,,,,
EX_leu_L_e,,,,
EX_lys_L_e,,,,
EX_mal__L_e,,,,
EX_malt_e,,,,
EX_man_e,,,,
EX_man6p_e,,,,
EX_met_L_e,,,,
EX_mg2_e,,,,
EX_mn2_e,,,,
EX_mnl_e,,,,
EX_n2o_e,,,,
EX_na1_e,,,,
EX_nac_e,,,,
EX_nh4_e,,,,
EX_ni2_e,,,,
EX_nmn_e,,,,
EX_no_e,,,,
EX_no2_e,,,,
EX_no3_e,,,,
EX_o2_e,,,,
EX_o2s_e,,,,
EX_orn_e,,,,
EX_orot_e,,,,
EX_phe_L_e,,,,
EX_pheme_e,,,,
EX_pi_e,,,,
EX_pnto__R_e,,,,
EX_ppa_e,,,,
EX_ppt_e,,,,
EX_pro_L_e,,,,
EX_progly_e,,,,
EX_pydx_e,,,,
EX_pyr_e,,,,
EX_rib__D_e,,,,
EX_sbt__D_e,,,,
EX_ser_L_e,,,,
EX_skm_e,,,,
EX_so3_e,,,,
EX_so4_e,,,,
EX_succ_e,,,,
EX_sucr_e,,,,
EX_tcynt_e,,,,
EX_thr_L_e,,,,
EX_thymd_e,,,,
EX_tma_e,,,,
EX_tmao_e,,,,
EX_tre_e,,,,
EX_trp_L_e,,,,
EX_tsul_e,,,,
EX_tyr_L_e,,,,
EX_uacgam_e,,,,
EX_udpg_e,,,,
EX_udpgal_e,,,,
EX_udpglcur_e,,,,
EX_ump_e,,,,
EX_ura_e,,,,
EX_urea_e,,,,
EX_uri_e,,,,
EX_val_L_e,,,,
EX_xan_e,,,,
EX_xmp_e,,,,
EX_xtsn_e,,,,
EX_xyl__D_e,,,,
EX_zn2_e_num1,,,,
ACBCP,,,,
BTNC,,,,
5FTHFC,,,,
FOMETRi,,,,
FTHFD,,,,
GLYCL,,,,
MTHFC,,,,
MTHFD,,,,
MTHFR2,,,,
TMDS2,,,,
GLNS_num1,,,,
GLUDC,,,,
GLUDy,,,,
GLUN,,,,
GLUSy,,,,
ACPPAT120,,,,
ACPPAT140,,,,
ACPPAT141,,,,
ACPPAT160,,,,
ACPPAT161,,,,
ACPPAT180,,,,
ACPPAT181,,,,
AGPAT120,,,,
AGPAT140,,,,
AGPAT141,,,,
AGPAT160,,,,
AGPAT161,,,,
AGPAT180,,,,
AGPAT181,,,,
APH140,,,,
DASYN120,,,,
DASYN140,,,,
DASYN141,,,,
DASYN160,,,,
DASYN161,,,,
DASYN180,,,,
DASYN181,,,,
G3PAT120_num1,,,,
G3PAT140_num1,,,,
G3PAT141_num1,,,,
G3PAT160_num1,,,,
G3PAT161_num1,,,,
G3PAT180_num1,,,,
G3PAT181_num1,,,,
GPDDA2,,,,
GPDDA3,,,,
GPDDA4,,,,
GPDDA5,,,,
LPLIPAL1A180pp_num1,,,,
PGSA120,,,,
PGSA140,,,,
PGSA141,,,,
PGSA160,,,,
PGSA161,,,,
PGSA180,,,,
PGSA181,,,,
GHMT2r,,,,
GLYCK2,,,,
PGCD,,,,
PSERT,,,,
PSP_L,,,,
SARCOX,,,,
SERD_L,,,,
ENO,,,,
FBA,,,,
FBP,,,,
GAPD_num1,,,,
GLBRAN2,,,,
GLCP_num1,,,,
GLCP2_num1,,,,
GLCS1,,,,
GLGC,,,,
HEX1,,,,
PDH,,,,
PFK,,,,
PGI,,,,
PGK,,,,
PGM_num1,,,,
PPS,,,,
PYK_num1,,,,
TPI,,,,
GLYCK,,,,
ATPPRT,,,,
HISTD,,,,
HISTP,,,,
HSTPT_num1,,,,
IG3PS,,,,
IGPDH,,,,
PRAMPC,,,,
PRATPP,,,,
PRMICI,,,,
PRPPS,,,,
CA2t3pp,,,,
CAt6pp_num1,,,,
COBALT2abcpp_num1,,,,
COBALT2tpp,,,,
CYANSTpp_num1,,,,
FDMO,,,,
FE3abcpp_num1,,,,
FEROpp,,,,
Kabcpp_num1,,,,
Kt2pp,,,,
Kt3pp,,,,
MG2t3_2pp_num1,,,,
MG2uabcpp,,,,
MN2tpp,,,,
NAt3_1p5pp_num1,,,,
NAt3_2pp_num1,,,,
NAt3pp,,,,
NH4tpp_num1,,,,
NI2tpp,,,,
NI2uabcpp,,,,
NO2t2rpp,,,,
NO3t7pp,,,,
O2tpp,,,,
PIt2rpp,,,,
PIuabcpp,,,,
PPTHpp,,,,
SFRD,,,,
SO3TRDRD,,,,
SULabcpp_num1,,,,
ZN2abcpp_num1,,,,
ZN2t3pp,,,,
ZN2tpp,,,,
ZNabcpp,,,,
CD2tpp,,,,
CU2tpp,,,,
FE2tpp_num1,,,,
D52DGK,,,,
D5GIS,,,,
MI1PS,,,,
MI2DH_num1,,,,
MI2DHT,,,,
THCDH,,,,
U23GAAT_num1,,,,
UAGAAT_num1,,,,
ACACT1r,,,,
ACCOAC,,,,
ACOAD1f,,,,
ACOAD2f,,,,
ACOAD3f,,,,
ACOAD4f,,,,
ACOAD5f,,,,
ACOAD6f,,,,
ACOAD7f,,,,
ACOAD8f,,,,
ACOATA_num1,,,,
KAS14_num1,,,,
KAS15_num1,,,,
MACPD,,,,
MCOATA_num1,,,,
TDCM_FREE,,,,
TMCM_FREE,,,,
ACHACB,,,,
AHCYSNS,,,,
CYSTL,,,,
HSST_num1,,,,
METAT,,,,
METS,,,,
METSOXR1_num1,,,,
SHSL1_num1,,,,
GLYOX,,,,
LGTHL,,,,
MCTP1App,,,,
MCTP1Bpp,,,,
MCTP2App,,,,
MDDCP3pp,,,,
MDDCP4pp,,,,
MDDCP5pp,,,,
MPTG_num1,,,,
MPTG2_num1,,,,
AGM4PApp,,,,
NHFRBO_num1,,,,
NO3R1bpp,,,,
NO3R2bpp,,,,
NTRIR3pp,,,,
NTRIR4pp,,,,
3NTD2pp,,,,
3NTD4pp,,,,
3NTD7pp,,,,
3NTD9pp,,,,
ADK1,,,,
ADK2,,,,
ADK3,,,,
ADK4,,,,
ADNCYC,,,,
ADNK1,,,,
ADPRDP,,,,
ADPT,,,,
AMPN,,,,
AP5AH,,,,
ATPHs,,,,
CYTDK2,,,,
CYTK1,,,,
CYTK2,,,,
DCTPD_num1,,,,
DGK1,,,,
DTMPK,,,,
DURIK1,,,,
DUTPDP,,,,
GK1,,,,
GP4GH,,,,
GSNHYDRO_num1,,,,
GSNK,,,,
GTPHs,,,,
GUAPRT,,,,
HXPRT_num1,,,,
INSH,,,,
NDPK1,,,,
NDPK2,,,,
NDPK3,,,,
NDPK4,,,,
NDPK5,,,,
NDPK6,,,,
NDPK7,,,,
NDPK8,,,,
NNATr,,,,
NTD1,,,,
NTD10,,,,
NTD11,,,,
NTD12,,,,
NTD2,,,,
NTD3,,,,
NTD4,,,,
NTD5,,,,
NTD6,,,,
NTD7,,,,
NTD8,,,,
NTD9,,,,
NTPP1,,,,
NTPP10,,,,
NTPP11,,,,
NTPP3,,,,
NTPP4,,,,
NTPP5,,,,
NTPP9,,,,
NTPTP1,,,,
NTPTP2,,,,
RNDR1,,,,
RNDR1b,,,,
RNDR2,,,,
RNDR2b,,,,
RNDR3,,,,
RNDR3b,,,,
RNDR4,,,,
RNDR4b,,,,
RNTR2c,,,,
RNTR3c,,,,
RNTR4c,,,,
TMDS,,,,
UMPK,,,,
UPPRT_num1,,,,
URIDK2r,,,,
XTSNH_num1,,,,
NTP1,,,,
NTP10,,,,
NTP11,,,,
NTP12,,,,
NTP3,,,,
NTP5,,,,
NTPP2,,,,
NTPP6,,,,
NTPP7,,,,
NTPP8,,,,
ATPS4rpp,,,,
CAT,,,,
CRNCAL2,,,,
CRNDCAL2,,,,
CTBTCAL2,,,,
CYTBD2pp,,,,
CYTBDpp,,,,
CYTBO3_4pp,,,,
DMSOR1pp,,,,
DMSOR2pp,,,,
FDH4pp_num1,,,,
FDH5pp_num1,,,,
G3PD5,,,,
G3PD6,,,,
G3PD7,,,,
HYD1pp,,,,
HYD2pp,,,,
HYD3pp,,,,
LDH_D2,,,,
NADH10,,,,
NADH16pp,,,,
NADH17pp,,,,
NADH18pp,,,,
NADH5,,,,
NADH9,,,,
NADPHQR2_num1,,,,
NADPHQR3_num1,,,,
NADPHQR4_num1,,,,
NO3R1pp,,,,
NO3R2pp,,,,
NTRIR2x,,,,
POX,,,,
PPKr,,,,
SPODM,,,,
SUCDi,,,,
TMAOR1pp,,,,
TMAOR2pp,,,,
TRDR,,,,
L_LACD2,,,,
L_LACD3,,,,
G6PDH2r,,,,
GND,,,,
PGL,,,,
RPE,,,,
RPI,,,,
TALA,,,,
TKT1,,,,
TKT2,,,,
ADSL1r,,,,
ADSL2r,,,,
ADSS,,,,
AICART,,,,
AIRC2,,,,
AIRC3,,,,
ASPCT,,,,
CTPS2,,,,
DHORD2,,,,
DHORD5,,,,
DHORTS,,,,
GARFT,,,,
GART,,,,
GLUPRT,,,,
GMPS2,,,,
IMPC,,,,
IMPD_num1,,,,
OMPDC,,,,
ORPT,,,,
PRAGSr,,,,
PRAIS,,,,
PRASCSi,,,,
PRFGS,,,,
ACALD,,,,
ACKr,,,,
ALCD2x_num1,,,,
FHL,,,,
LDH_D,,,,
OAADC,,,,
PTAr,,,,
LDH,,,,
ASAD,,,,
ASPK,,,,
DAPDC_num1,,,,
DAPDH,,,,
DAPE,,,,
DHDPRy,,,,
DHDPS,,,,
HSDy,,,,
HSK,,,,
SDPDS,,,,
SDPTA,,,,
THDPS_num1,,,,
THRS,,,,
26DAHtex,,,,
3AMPtex,,,,
3CMPtex,,,,
3GMPtex,,,,
3UMPtex,,,,
ABUTt2pp,,,,
ABUTtex,,,,
ACACtex,,,,
ACALDtpp,,,,
ACGAM1Ptex,,,,
ACGAptspp,,,,
ACGAtex,,,,
ACMANAptspp_num1,,,,
ACMANAtex,,,,
ACMUMptspp_num1,,,,
ACSERtex,,,,
ACt2rpp,,,,
ADEt2rpp,,,,
ADNt2rpp,,,,
ADOCBLabcpp_num1,,,,
AKGt2rpp,,,,
ALAabcpp_num1,,,,
ALAALAabcpp,,,,
ALAALAtex,,,,
ALAtex,,,,
AMPtex,,,,
ARBabcpp,,,,
ARBt2rpp,,,,
ARBt3ipp,,,,
ARBTptspp,,,,
ARGabcpp,,,,
ARGORNt7pp,,,,
ARGt3pp,,,,
ASCBptspp,,,,
ASNabcpp,,,,
ASNt2rpp,,,,
ASPabcpp,,,,
ASPt2pp,,,,
ASPt2rpp,,,,
BALAt2pp,,,,
BALAtex,,,,
BCCPE,,,,
CGLYabcpp,,,,
CGLYtex,,,,
CHTBSptspp,,,,
CITt3pp,,,,
CITt7pp,,,,
CITtex,,,,
CLt3_2pp,,,,
CRNabcpp,,,,
CRNDabcpp,,,,
CRNDt2rpp,,,,
CRNt2rpp,,,,
CRNt8pp,,,,
CTBTabcpp,,,,
CTBTt2rpp,,,,
CUt3_num1,,,,
CUtex,,,,
CYANtex,,,,
CYSabc2pp,,,,
CYSabcpp,,,,
CYStpp,,,,
CYTDt2pp,,,,
CYTDt2rpp,,,,
DADNtex,,,,
DALAt2pp,,,,
DALAtex,,,,
DAMPtex,,,,
DAPabcpp,,,,
DCMPtex,,,,
DCYTtex,,,,
DGMPtex,,,,
DGSNtex,,,,
DHAtpp,,,,
DIMPtex,,,,
DINStex,,,,
D_LACt2pp,,,,
DMSOtex,,,,
DMStex,,,,
DSERt2pp,,,,
DTMPtex,,,,
DUMPtex,,,,
DURIt2pp,,,,
DURItex,,,,
ETHAtex,,,,
ETOHtrpp,,,,
EX_biomass,,,,
EX_BIOTIN,,,,
EX_cl,,,,
F6Pt6_2pp,,,,
F6Ptex,,,,
FE3DHBZStonex,,,,
FE3tex,,,,
FRUpts2pp,,,,
FRUtex,,,,
FRUURt2rpp,,,,
FUMt2_2pp,,,,
FUMt2_3pp,,,,
FUMtex,,,,
G1Ptex,,,,
G3PCabcpp,,,,
G3PEabcpp,,,,
G3PEtex,,,,
G3PGabcpp,,,,
G3PGtex,,,,
G3PIabcpp,,,,
G3PItex,,,,
G3PSabcpp,,,,
G3PStex,,,,
G6Pt6_2pp,,,,
G6Ptex,,,,
GAL1Ptex,,,,
GALTptspp,,,,
GAM6Pt6_2pp,,,,
GAMAN6Ptex,,,,
GAMptspp,,,,
GAMtex,,,,
GLCabcpp_num1,,,,
GLCNt2rpp,,,,
GLCptspp,,,,
GLCUR1Ptex,,,,
GLCURt2rpp,,,,
GLNabcpp,,,,
GLNt2rpp,,,,
GLUabcpp,,,,
GLUt4pp,,,,
GLUtex,,,,
GLYALDtpp,,,,
GLYBabcpp_num1,,,,
GLYBt2pp_num1,,,,
GLYC2Pabcpp,,,,
GLYC3Pabcpp,,,,
GLYC3Pt6pp,,,,
GLYC3Ptex,,,,
GLYCAt2rpp,,,,
GLYCtpp,,,,
GLYtex,,,,
GMPtex,,,,
GSNt2pp,,,,
GSNtex,,,,
GTHRDabc2pp,,,,
GTHRDabcpp,,,,
GTHRDtex,,,,
GUAt2pp,,,,
GUAtpp,,,,
H2Otpp,,,,
H2St1pp,,,,
H2Stex,,,,
H2tpp,,,,
HISabcpp,,,,
HISt2rpp,,,,
HOMt2pp,,,,
HOMtex,,,,
HYXNtpp,,,,
ILEabcpp_num1,,,,
ILEt2rpp_num1,,,,
INDOLEt2pp,,,,
INDOLEt2rpp,,,,
INSt2pp,,,,
INSt2rpp,,,,
LEUabcpp_num1,,,,
LEUt2rpp_num1,,,,
L_LACt2rpp,,,,
LYSabcpp,,,,
LYSt2pp,,,,
LYSt3pp,,,,
MALt3pp,,,,
MALTabcpp,,,,
MALTptspp,,,,
MAN6Pt6_2pp,,,,
MANptspp,,,,
METabcpp,,,,
METt2rpp,,,,
MNLptspp,,,,
MNt2pp_num1,,,,
NACtpp,,,,
NAtex,,,,
NMNt7pp,,,,
NO3tex_num1,,,,
NOtex,,,,
O2Stex,,,,
ORNabcpp,,,,
OROTt2_2pp,,,,
PA120abcpp,,,,
PA140abcpp,,,,
PA141abcpp,,,,
PA160abcpp,,,,
PA161abcpp,,,,
PA180abcpp,,,,
PA181abcpp,,,,
PGP120abcpp,,,,
PGP140abcpp,,,,
PGP141abcpp,,,,
PGP160abcpp,,,,
PGP161abcpp,,,,
PGP180abcpp,,,,
PGP181abcpp,,,,
PHEMEabcpp,,,,
PHEMEtiex,,,,
PHEt2rpp,,,,
PNTOt4pp,,,,
PPAt4pp,,,,
PROabcpp,,,,
PROGLYabcpp,,,,
PROt3pp,,,,
PROt4pp,,,,
PSERtex_num1,,,,
PTRCORNt7pp,,,,
PTRCt2pp,,,,
PYDXtpp,,,,
PYRt2rpp,,,,
R5Ptex_num1,,,,
RIBabcpp_num1,,,,
SBTptspp,,,,
SERabcpp,,,,
SERt3pp,,,,
SKMt2pp,,,,
SPMDabcpp,,,,
SPMDt3pp,,,,
SUCCt2_2pp,,,,
SUCCt2_3pp,,,,
SUCCt3pp,,,,
SUCptspp,,,,
THMabcpp,,,,
THMDt2pp,,,,
THMDt2rpp,,,,
THRabcpp,,,,
THRt2pp,,,,
TREabcpp,,,,
TREptsp_num1,,,,
TREptspp_num1,,,,
TRPabcpp,,,,
TRPt2rpp,,,,
TYRt2rpp,,,,
URAt2pp_num1,,,,
URAt2rpp_num1,,,,
UREAtpp,,,,
URIt2pp,,,,
URIt2rpp,,,,
VALabcpp_num1,,,,
VALt2rpp_num1,,,,
XANt2pp_num1,,,,
XANtpp,,,,
XTSNt2rpp,,,,
XYLabcpp,,,,
XYLUt2pp,,,,
XYLUtex,,,,
CO2tpp,,,,
FORt2pp,,,,
Biotinabcpp,,,,
Biotint3pp,,,,
Biotintpp,,,,
ALATRS_num1,,,,
ARGTRS_num1,,,,
ASNTRS_num1,,,,
ASPTRS,,,,
CYSTRS_num1,,,,
FMETTRS_num1,,,,
GLNTRS,,,,
GLUTRS_num1,,,,
GLYTRS_num1,,,,
HISTRS,,,,
ILETRS_num1,,,,
LEUTRS_num1,,,,
LYSTRS_num1,,,,
METTRS_num1,,,,
PHETRS,,,,
PROTRS_num1,,,,
SERTRS_num1,,,,
SERTRS2,,,,
THRTRS_num1,,,,
TRPTRS,,,,
TYRTRS,,,,
VALTRS_num1,,,,
ANPRT,,,,
ANS,,,,
CHORM,,,,
CHORS,,,,
DDPA,,,,
DHQS,,,,
DHQTi,,,,
IGPS,,,,
PHETA1_num1,,,,
PPND,,,,
PPNDH,,,,
PRAIi,,,,
PSCVT,,,,
SHK3Dr_num1,,,,
SHKK,,,,
TRPS1,,,,
TRPS2,,,,
TRPS3,,,,
TYRRRpp,,,,
TYRTA_num1,,,,
INPSHE,,,,
AGPSC,,,,
ARATH,,,,
ATPM,,,,
DNA,,,,
FREENTCO,,,,
IONS,,,,
MYCOLI,,,,
PA,,,,
PEPTH,,,,
PPTHTH,,,,
RNA,,,,
PROTEIN,,,,
SOL_POOL,,,,
ACHBS,,,,
ACLS,,,,
DHAD1,,,,
DHAD2,,,,
ILETA,,,,
IPMD,,,,
IPPMIa,,,,
IPPMIb,,,,
IPPS,,,,
KARA1,,,,
KARA2,,,,
OMCDC,,,,
THRD_L_num1,,,,
VALTA,,,,
LEUTAi,,,,
ALAR_reverse,,,,
ALATA_L_reverse,,,,
ASPTA_reverse,,,,
2METS_reverse,,,,
ACHMSC_reverse,,,,
ALCD19_reverse_num1,,,,
AMANAPEr_reverse,,,,
APG_reverse,,,,
ARAI_reverse_num1,,,,
CBMKr_reverse,,,,
DHACOAH_reverse,,,,
G3PD2_reverse,,,,
GLCATr_reverse,,,,
GUI1_reverse,,,,
HCO3E_reverse,,,,
HPYRI_reverse_num1,,,,
MALGT_reverse,,,,
MALTATr_reverse,,,,
MAN1PG_reverse,,,,
MAN6PI_reverse,,,,
MCITL2_reverse_num1,,,,
MM_COA_ADD5_reverse,,,,
PGMT_reverse,,,,
PMANM_reverse_num1,,,,
UDPG4E_reverse,,,,
XYLI1_reverse,,,,
MCITD_reverse_num1,,,,
ACOTA_reverse,,,,
AGPR_reverse,,,,
ARGSL_reverse,,,,
GLUNATF_reverse,,,,
OCBT_reverse,,,,
BAMPN_reverse,,,,
3OAR100_reverse,,,,
3OAR120_reverse,,,,
3OAR140_reverse,,,,
3OAR160_reverse,,,,
3OAR180_reverse,,,,
3OAR40_reverse,,,,
3OAR60_reverse,,,,
3OAR80_reverse,,,,
ALAALAr_reverse,,,,
CDPDAG_reverse,,,,
GLUR_reverse,,,,
PGAMT_reverse,,,,
T2DECAI_reverse,,,,
G1PTT_reverse_num1,,,,
GALUi_reverse_num1,,,,
PAPPT3_reverse,,,,
ACONTa_reverse,,,,
ACONTb_reverse,,,,
FUM_reverse,,,,
MDH_reverse,,,,
PYRC_reverse,,,,
AMAOTr_reverse,,,,
DHFR_reverse,,,,
DHPTPE_reverse,,,,
G1SAT_reverse,,,,
GTHOr_reverse,,,,
ICHORS_reverse,,,,
IPDDI_reverse,,,,
OHPBAT_reverse,,,,
PY5PSH_reverse,,,,
TRATF_reverse_num1,,,,
NAMNPP_reverse,,,,
RBFK_reverse,,,,
SERAT_reverse,,,,
EX_ca2_e_reverse,,,,
EX_co2_e_reverse,,,,
EX_cobalt2_e_reverse,,,,
EX_cu2_e_reverse,,,,
EX_glc_e_reverse,,,,
EX_h2o_e_reverse,,,,
EX_k_e_reverse,,,,
EX_mg2_e_reverse,,,,
EX_mn2_e_reverse,,,,
EX_na1_e_reverse,,,,
EX_nh4_e_reverse,,,,
EX_ni2_e_reverse,,,,
EX_o2_e_reverse,,,,
EX_pi_e_reverse,,,,
EX_so4_e_reverse,,,,
EX_zn2_e_reverse_num1,,,,
ACBCP_reverse,,,,
MTHFC_reverse,,,,
MTHFD_reverse,,,,
GHMT2r_reverse,,,,
ENO_reverse,,,,
FBA_reverse,,,,
GAPD_reverse_num1,,,,
PGI_reverse,,,,
PGK_reverse,,,,
PGM_reverse_num1,,,,
TPI_reverse,,,,
PRMICI_reverse,,,,
PRPPS_reverse,,,,
CAt6pp_reverse_num1,,,,
MG2t3_2pp_reverse_num1,,,,
NH4tpp_reverse_num1,,,,
NO2t2rpp_reverse,,,,
O2tpp_reverse,,,,
PIt2rpp_reverse,,,,
D5GIS_reverse,,,,
MI2DH_reverse_num1,,,,
MI2DHT_reverse,,,,
UAGAAT_reverse_num1,,,,
ACACT1r_reverse,,,,
ACOAD1f_reverse,,,,
ACOAD2f_reverse,,,,
ACOAD3f_reverse,,,,
ACOAD4f_reverse,,,,
ACOAD5f_reverse,,,,
ACOAD6f_reverse,,,,
ACOAD7f_reverse,,,,
ACOAD8f_reverse,,,,
ACOATA_reverse_num1,,,,
MCOATA_reverse_num1,,,,
TDCM_FREE_reverse,,,,
ADK1_reverse,,,,
ADK2_reverse,,,,
ADK3_reverse,,,,
ADK4_reverse,,,,
CYTK1_reverse,,,,
CYTK2_reverse,,,,
DGK1_reverse,,,,
DTMPK_reverse,,,,
GK1_reverse,,,,
NDPK1_reverse,,,,
NDPK2_reverse,,,,
NDPK3_reverse,,,,
NDPK4_reverse,,,,
NDPK5_reverse,,,,
NDPK6_reverse,,,,
NDPK7_reverse,,,,
NDPK8_reverse,,,,
NNATr_reverse,,,,
UMPK_reverse,,,,
URIDK2r_reverse,,,,
ATPS4rpp_reverse,,,,
PPKr_reverse,,,,
G6PDH2r_reverse,,,,
RPE_reverse,,,,
RPI_reverse,,,,
TALA_reverse,,,,
TKT1_reverse,,,,
TKT2_reverse,,,,
ADSL1r_reverse,,,,
ADSL2r_reverse,,,,
AICART_reverse,,,,
AIRC3_reverse,,,,
DHORTS_reverse,,,,
GARFT_reverse,,,,
IMPC_reverse,,,,
ORPT_reverse,,,,
PRAGSr_reverse,,,,
ACALD_reverse,,,,
ACKr_reverse,,,,
ALCD2x_reverse_num1,,,,
LDH_D_reverse,,,,
PTAr_reverse,,,,
ASAD_reverse,,,,
ASPK_reverse,,,,
DAPE_reverse,,,,
HSDy_reverse,,,,
SDPTA_reverse,,,,
26DAHtex_reverse,,,,
3AMPtex_reverse,,,,
3CMPtex_reverse,,,,
3GMPtex_reverse,,,,
3UMPtex_reverse,,,,
ABUTtex_reverse,,,,
ACACtex_reverse,,,,
ACALDtpp_reverse,,,,
ACGAM1Ptex_reverse,,,,
ACGAtex_reverse,,,,
ACMANAtex_reverse,,,,
ACSERtex_reverse,,,,
ACt2rpp_reverse,,,,
ADEt2rpp_reverse,,,,
ADNt2rpp_reverse,,,,
AKGt2rpp_reverse,,,,
ALAALAtex_reverse,,,,
ALAtex_reverse,,,,
AMPtex_reverse,,,,
ARBt2rpp_reverse,,,,
ARGORNt7pp_reverse,,,,
ASNt2rpp_reverse,,,,
BALAtex_reverse,,,,
BCCPE_reverse,,,,
CGLYtex_reverse,,,,
CITtex_reverse,,,,
CRNDt2rpp_reverse,,,,
CRNt2rpp_reverse,,,,
CTBTt2rpp_reverse,,,,
CUtex_reverse,,,,
CYANtex_reverse,,,,
CYTDt2rpp_reverse,,,,
DADNtex_reverse,,,,
DALAtex_reverse,,,,
DAMPtex_reverse,,,,
DCMPtex_reverse,,,,
DCYTtex_reverse,,,,
DGMPtex_reverse,,,,
DGSNtex_reverse,,,,
DHAtpp_reverse,,,,
DIMPtex_reverse,,,,
DINStex_reverse,,,,
D_LACt2pp_reverse,,,,
DMSOtex_reverse,,,,
DMStex_reverse,,,,
DTMPtex_reverse,,,,
DUMPtex_reverse,,,,
DURItex_reverse,,,,
ETHAtex_reverse,,,,
ETOHtrpp_reverse,,,,
EX_BIOTIN_reverse,,,,
EX_cl_reverse,,,,
F6Ptex_reverse,,,,
FE3tex_reverse,,,,
FRUtex_reverse,,,,
FRUURt2rpp_reverse,,,,
FUMtex_reverse,,,,
G1Ptex_reverse,,,,
G3PEtex_reverse,,,,
G3PGtex_reverse,,,,
G3PItex_reverse,,,,
G3PStex_reverse,,,,
G6Ptex_reverse,,,,
GAL1Ptex_reverse,,,,
GAMAN6Ptex_reverse,,,,
GAMtex_reverse,,,,
GLCNt2rpp_reverse,,,,
GLCUR1Ptex_reverse,,,,
GLCURt2rpp_reverse,,,,
GLNt2rpp_reverse,,,,
GLUtex_reverse,,,,
GLYALDtpp_reverse,,,,
GLYC3Ptex_reverse,,,,
GLYCAt2rpp_reverse,,,,
GLYCtpp_reverse,,,,
GLYtex_reverse,,,,
GMPtex_reverse,,,,
GSNtex_reverse,,,,
GTHRDtex_reverse,,,,
GUAtpp_reverse,,,,
H2Otpp_reverse,,,,
H2Stex_reverse,,,,
H2tpp_reverse,,,,
HISt2rpp_reverse,,,,
HOMtex_reverse,,,,
HYXNtpp_reverse,,,,
ILEt2rpp_reverse_num1,,,,
INDOLEt2rpp_reverse,,,,
INSt2rpp_reverse,,,,
LEUt2rpp_reverse_num1,,,,
L_LACt2rpp_reverse,,,,
LYSt2pp_reverse,,,,
METt2rpp_reverse,,,,
NAtex_reverse,,,,
NO3tex_reverse_num1,,,,
NOtex_reverse,,,,
O2Stex_reverse,,,,
PHEt2rpp_reverse,,,,
PSERtex_reverse_num1,,,,
PTRCORNt7pp_reverse,,,,
PYRt2rpp_reverse,,,,
R5Ptex_reverse_num1,,,,
THMDt2rpp_reverse,,,,
TRPt2rpp_reverse,,,,
TYRt2rpp_reverse,,,,
URAt2rpp_reverse_num1,,,,
UREAtpp_reverse,,,,
URIt2rpp_reverse,,,,
VALt2rpp_reverse_num1,,,,
XANtpp_reverse,,,,
XTSNt2rpp_reverse,,,,
XYLUtex_reverse,,,,
PHETA1_reverse_num1,,,,
PSCVT_reverse,,,,
SHK3Dr_reverse_num1,,,,
TYRTA_reverse_num1,,,,
ILETA_reverse,,,,
IPPMIa_reverse,,,,
IPPMIb_reverse,,,,
KARA1_reverse,,,,
KARA2_reverse,,,,
LEUTAi_reverse,,,,
ADNUC_num2,,,,
ADNUC_num3,,,,
ALCD19_num2,,,,
ALCD19_num3,,,,
ARAI_num2,,,,
F6PP_num2,,,,
F6PP_num3,,,,
FFSD_num2,,,,
GNK_num2,,,,
HPYRI_num2,,,,
MCITL2_num2,,,,
MMM2_num2,,,,
MSDH_num2,,,,
PGLYCP_num2,,,,
PMANM_num2,,,,
RBK_num2,,,,
UDPGPpp_num2,,,,
MCITD_num2,,,,
MCITD_num3,,,,
ME1_num2,,,,
AMPTASEPG_num2,,,,
SPMDAT2_num2,,,,
SPMDAT2_num3,,,,
SPMDAT2_num4,,,,
SPMDAT2_num5,,,,
SPMDAT2_num6,,,,
SSALy_num2,,,,
SSALy_num3,,,,
3OAS100_num2,,,,
3OAS100_num3,,,,
3OAS120_num2,,,,
3OAS120_num3,,,,
3OAS121_num2,,,,
3OAS121_num3,,,,
3OAS140_num2,,,,
3OAS140_num3,,,,
3OAS141_num2,,,,
3OAS141_num3,,,,
3OAS160_num2,,,,
3OAS160_num3,,,,
3OAS161_num2,,,,
3OAS161_num3,,,,
3OAS180_num2,,,,
3OAS180_num3,,,,
3OAS181_num2,,,,
3OAS181_num3,,,,
3OAS60_num2,,,,
3OAS60_num3,,,,
3OAS80_num2,,,,
3OAS80_num3,,,,
AACPS1_num2,,,,
AACPS1_num3,,,,
AACPS2_num2,,,,
AACPS2_num3,,,,
AACPS3_num2,,,,
AACPS3_num3,,,,
AACPS4_num2,,,,
AACPS4_num3,,,,
AACPS5_num2,,,,
AACPS5_num3,,,,
AACPS6_num2,,,,
AACPS6_num3,,,,
AACPS7_num2,,,,
AACPS7_num3,,,,
AACPS8_num2,,,,
AACPS8_num3,,,,
AACPS9_num2,,,,
AACPS9_num3,,,,
FA100ACPHi_num2,,,,
FA120ACPHi_num2,,,,
FA140ACPHi_num2,,,,
FA141ACPHi_num2,,,,
FA160ACPHi_num2,,,,
FA161ACPHi_num2,,,,
FA80ACPHi_num2,,,,
FACOAL100t2pp_num2,,,,
FACOAL120t2pp_num2,,,,
FACOAL140t2pp_num2,,,,
FACOAL141t2pp_num2,,,,
FACOAL160t2pp_num2,,,,
FACOAL161t2pp_num2,,,,
FACOAL180t2pp_num2,,,,
FACOAL181t2pp_num2,,,,
FACOAL60t2pp_num2,,,,
FACOAL80t2pp_num2,,,,
MI1PP_num2,,,,
UAGCVT_num2,,,,
UAMDH_num2,,,,
UDPGD_num2,,,,
G1PTT_num2,,,,
GALUi_num2,,,,
CS_num2,,,,
ACPS1_num2,,,,
ACPS1_num3,,,,
BMOCOS_num2,,,,
BMOCOS_num3,,,,
BWCOS_num2,,,,
BWCOS_num3,,,,
CPMPS_num2,,,,
DHPPDA2_num2,,,,
DHPS2_num2,,,,
DMATT_num2,,,,
GRTT_num2,,,,
GTPDPDP_num2,,,,
MOCOS_num2,,,,
MOCOS_num3,,,,
MSDHD_num2,,,,
NADDP_num2,,,,
NADPPPS_num2,,,,
NADPPPS_num3,,,,
PANTS_num2,,,,
TMPPP_num2,,,,
TMPPP_num3,,,,
TRATF_num2,,,,
UPP3MT_num2,,,,
WCOS_num2,,,,
WCOS_num3,,,,
AMPTASECG_num2,,,,
MCPST_num2,,,,
MCPST_num3,,,,
EX_zn2_e_num2,,,,
GLNS_num2,,,,
G3PAT120_num2,,,,
G3PAT120_num3,,,,
G3PAT120_num4,,,,
G3PAT120_num5,,,,
G3PAT140_num2,,,,
G3PAT140_num3,,,,
G3PAT140_num4,,,,
G3PAT140_num5,,,,
G3PAT141_num2,,,,
G3PAT141_num3,,,,
G3PAT141_num4,,,,
G3PAT141_num5,,,,
G3PAT160_num2,,,,
G3PAT160_num3,,,,
G3PAT160_num4,,,,
G3PAT160_num5,,,,
G3PAT161_num2,,,,
G3PAT161_num3,,,,
G3PAT161_num4,,,,
G3PAT161_num5,,,,
G3PAT180_num2,,,,
G3PAT180_num3,,,,
G3PAT180_num4,,,,
G3PAT180_num5,,,,
G3PAT181_num2,,,,
G3PAT181_num3,,,,
G3PAT181_num4,,,,
G3PAT181_num5,,,,
LPLIPAL1A180pp_num2,,,,
GAPD_num2,,,,
GLCP_num2,,,,
GLCP2_num2,,,,
PGM_num2,,,,
PGM_num3,,,,
PGM_num4,,,,
PGM_num5,,,,
PYK_num2,,,,
HSTPT_num2,,,,
CAt6pp_num2,,,,
CAt6pp_num3,,,,
CAt6pp_num4,,,,
CAt6pp_num5,,,,
COBALT2abcpp_num2,,,,
COBALT2abcpp_num3,,,,
CYANSTpp_num2,,,,
CYANSTpp_num3,,,,
CYANSTpp_num4,,,,
CYANSTpp_num5,,,,
FE3abcpp_num2,,,,
FE3abcpp_num3,,,,
FE3abcpp_num4,,,,
FE3abcpp_num5,,,,
FE3abcpp_num6,,,,
Kabcpp_num2,,,,
Kabcpp_num3,,,,
MG2t3_2pp_num2,,,,
NAt3_1p5pp_num2,,,,
NAt3_1p5pp_num3,,,,
NAt3_1p5pp_num4,,,,
NAt3_1p5pp_num5,,,,
NAt3_1p5pp_num6,,,,
NAt3_2pp_num2,,,,
NAt3_2pp_num3,,,,
NAt3_2pp_num4,,,,
NAt3_2pp_num5,,,,
NAt3_2pp_num6,,,,
NH4tpp_num2,,,,
SULabcpp_num2,,,,
ZN2abcpp_num2,,,,
ZN2abcpp_num3,,,,
ZN2abcpp_num4,,,,
FE2tpp_num2,,,,
MI2DH_num2,,,,
MI2DH_num3,,,,
MI2DH_num4,,,,
U23GAAT_num2,,,,
U23GAAT_num3,,,,
U23GAAT_num4,,,,
U23GAAT_num5,,,,
UAGAAT_num2,,,,
UAGAAT_num3,,,,
UAGAAT_num4,,,,
UAGAAT_num5,,,,
ACOATA_num2,,,,
ACOATA_num3,,,,
ACOATA_num4,,,,
ACOATA_num5,,,,
KAS14_num2,,,,
KAS14_num3,,,,
KAS15_num2,,,,
KAS15_num3,,,,
MCOATA_num2,,,,
MCOATA_num3,,,,
MCOATA_num4,,,,
MCOATA_num5,,,,
HSST_num2,,,,
METSOXR1_num2,,,,
SHSL1_num2,,,,
MPTG_num2,,,,
MPTG_num3,,,,
MPTG_num4,,,,
MPTG2_num2,,,,
MPTG2_num3,,,,
MPTG2_num4,,,,
NHFRBO_num2,,,,
DCTPD_num2,,,,
GSNHYDRO_num2,,,,
HXPRT_num2,,,,
UPPRT_num2,,,,
XTSNH_num2,,,,
XTSNH_num3,,,,
FDH4pp_num2,,,,
FDH5pp_num2,,,,
NADPHQR2_num2,,,,
NADPHQR2_num3,,,,
NADPHQR2_num4,,,,
NADPHQR3_num2,,,,
NADPHQR3_num3,,,,
NADPHQR3_num4,,,,
NADPHQR4_num2,,,,
NADPHQR4_num3,,,,
NADPHQR4_num4,,,,
IMPD_num2,,,,
IMPD_num3,,,,
ALCD2x_num2,,,,
DAPDC_num2,,,,
THDPS_num2,,,,
ACMANAptspp_num2,,,,
ACMUMptspp_num2,,,,
ADOCBLabcpp_num2,,,,
ADOCBLabcpp_num3,,,,
ADOCBLabcpp_num4,,,,
ADOCBLabcpp_num5,,,,
ALAabcpp_num2,,,,
ALAabcpp_num3,,,,
ALAabcpp_num4,,,,
ALAabcpp_num5,,,,
CUt3_num2,,,,
GLCabcpp_num2,,,,
GLCabcpp_num3,,,,
GLYBabcpp_num2,,,,
GLYBt2pp_num2,,,,
GLYBt2pp_num3,,,,
GLYBt2pp_num4,,,,
GLYBt2pp_num5,,,,
ILEabcpp_num2,,,,
ILEt2rpp_num2,,,,
LEUabcpp_num2,,,,
LEUt2rpp_num2,,,,
LEUt2rpp_num3,,,,
MNt2pp_num2,,,,
NO3tex_num2,,,,
NO3tex_num3,,,,
NO3tex_num4,,,,
PSERtex_num2,,,,
PSERtex_num3,,,,
PSERtex_num4,,,,
R5Ptex_num2,,,,
RIBabcpp_num2,,,,
RIBabcpp_num3,,,,
TREptsp_num2,,,,
TREptsp_num3,,,,
TREptspp_num2,,,,
TREptspp_num3,,,,
URAt2pp_num2,,,,
URAt2rpp_num2,,,,
VALabcpp_num2,,,,
VALabcpp_num3,,,,
VALabcpp_num4,,,,
VALabcpp_num5,,,,
VALt2rpp_num2,,,,
XANt2pp_num2,,,,
ALATRS_num2,,,,
ALATRS_num3,,,,
ALATRS_num4,,,,
ARGTRS_num2,,,,
ARGTRS_num3,,,,
ARGTRS_num4,,,,
ARGTRS_num5,,,,
ASNTRS_num2,,,,
CYSTRS_num2,,,,
FMETTRS_num2,,,,
GLUTRS_num2,,,,
GLUTRS_num3,,,,
GLUTRS_num4,,,,
GLYTRS_num2,,,,
GLYTRS_num3,,,,
GLYTRS_num4,,,,
GLYTRS_num5,,,,
ILETRS_num2,,,,
LEUTRS_num2,,,,
LEUTRS_num3,,,,
LEUTRS_num4,,,,
LEUTRS_num5,,,,
LEUTRS_num6,,,,
LYSTRS_num2,,,,
LYSTRS_num3,,,,
METTRS_num2,,,,
METTRS_num3,,,,
METTRS_num4,,,,
PROTRS_num2,,,,
PROTRS_num3,,,,
SERTRS_num2,,,,
SERTRS_num3,,,,
SERTRS_num4,,,,
THRTRS_num2,,,,
THRTRS_num3,,,,
THRTRS_num4,,,,
VALTRS_num2,,,,
VALTRS_num3,,,,
VALTRS_num4,,,,
PHETA1_num2,,,,
SHK3Dr_num2,,,,
TYRTA_num2,,,,
THRD_L_num2,,,,
ALCD19_reverse_num2,,,,
ALCD19_reverse_num3,,,,
ARAI_reverse_num2,,,,
HPYRI_reverse_num2,,,,
MCITL2_reverse_num2,,,,
PMANM_reverse_num2,,,,
MCITD_reverse_num2,,,,
MCITD_reverse_num3,,,,
G1PTT_reverse_num2,,,,
GALUi_reverse_num2,,,,
TRATF_reverse_num2,,,,
EX_zn2_e_reverse_num2,,,,
GAPD_reverse_num2,,,,
PGM_reverse_num2,,,,
PGM_reverse_num3,,,,
PGM_reverse_num4,,,,
PGM_reverse_num5,,,,
CAt6pp_reverse_num2,,,,
CAt6pp_reverse_num3,,,,
CAt6pp_reverse_num4,,,,
CAt6pp_reverse_num5,,,,
MG2t3_2pp_reverse_num2,,,,
NH4tpp_reverse_num2,,,,
MI2DH_reverse_num2,,,,
MI2DH_reverse_num3,,,,
MI2DH_reverse_num4,,,,
UAGAAT_reverse_num2,,,,
UAGAAT_reverse_num3,,,,
UAGAAT_reverse_num4,,,,
UAGAAT_reverse_num5,,,,
ACOATA_reverse_num2,,,,
ACOATA_reverse_num3,,,,
ACOATA_reverse_num4,,,,
ACOATA_reverse_num5,,,,
MCOATA_reverse_num2,,,,
MCOATA_reverse_num3,,,,
MCOATA_reverse_num4,,,,
MCOATA_reverse_num5,,,,
ALCD2x_reverse_num2,,,,
ILEt2rpp_reverse_num2,,,,
LEUt2rpp_reverse_num2,,,,
LEUt2rpp_reverse_num3,,,,
NO3tex_reverse_num2,,,,
NO3tex_reverse_num3,,,,
NO3tex_reverse_num4,,,,
PSERtex_reverse_num2,,,,
PSERtex_reverse_num3,,,,
PSERtex_reverse_num4,,,,
R5Ptex_reverse_num2,,,,
URAt2rpp_reverse_num2,,,,
VALt2rpp_reverse_num2,,,,
PHETA1_reverse_num2,,,,
SHK3Dr_reverse_num2,,,,
TYRTA_reverse_num2,,,,
